vertex_a,vertex_b,edge,distance
12850,52064,3,0
27973,56316,3,0.142857
69568,56316,3,0.285714
18104,27973,3,0.428571
18104,69568,3,0.571428
217707,71883,3,0.714285
