vertex_a,vertex_b,edge,distance
14685,212541,1,0
14686,212541,1,0.166667
14688,212541,1,0.333334
14699,212541,1,0.500001
24013,19674,2,0.666668
