vertex_a,vertex_b,edge,distance
64177,22337,1,0
15203,53945,3,0.142857
244698,53945,3,0.285714
142681,22337,1,0.428571
20505,22337,1,0.571428
20531,22337,1,0.714285
