vertex_a,vertex_b,edge,distance
12266,12268,1,0
12266,625018,1,0.166667
12487,12519,1,0.333334
12487,12524,1,0.500001
21939,21947,1,0.666668
