vertex_a,vertex_b,edge,distance
57028,103711,3,0
73373,103711,3,0.166667
216134,103711,3,0.333334
216134,57028,3,0.500001
216134,73373,3,0.666668
