vertex_a,vertex_b,edge,distance
17254,26570,3,0
22041,22042,3,0.166667
71775,22042,3,0.333334
27057,14319,3,0.500001
27057,14325,3,0.666668
