vertex_a,vertex_b,edge,distance
14042,54616,3,0
14042,58193,3,0.142857
14043,54616,3,0.285714
14043,58193,3,0.428571
56219,14042,3,0.571428
56219,14043,3,0.714285
